{
    "states": {
        "ALABAMA": {
            "abbreviation": "AL",
            "capital": "Montgomery",
            "most-populous-city": "Birmingham",
            "population": "4708708",
            "square-miles": "52423",
            "time-zone-1": "CST (UTC-6)",
            "time-zone-2": "EST (UTC-5)",
            "dst": "YES",
            "cities": {
                "Birmingham": {
                    "keywords": ["Birmingham"]
                },
                "Montgomery": {
                    "keywords": ["Montgomery"]
                }
            },
            "keywords": ["alabama"]
        },
        "ALASKA": {
            "abbreviation": "AK",
            "capital": "Juneau",
            "most-populous-city": "Anchorage",
            "population": "698473",
            "square-miles": "656425",
            "time-zone-1": "AKST (UTC-09)",
            "time-zone-2": "HST (UTC-10)",
            "dst": "YES",
            "cities": {
                "Juneau": {
                    "keywords": ["Juneau"]
                },
                "Anchorage": {
                    "keywords": ["anchorage"]
                }
            },
            "keywords": ["alaska"]
        },
        "ARIZONA": {
            "abbreviation": "AZ",
            "capital": "Phoenix",
            "most-populous-city": "Phoenix",
            "population": "6595778",
            "square-miles": "114006",
            "time-zone-1": "MT (UTC-07)",
            "time-zone-2": "",
            "dst": "NO",
            "cities": {
                "Pheonix": {
                    "keywords": ["Pheonix"]
                },
                "Tuscon": {
                    "keywords": ["tuscon"]
                },
                "Mesa": {
                    "keywords": ["mesa"]
                }
            },
            "keywords": ["arizona"]
        },
        "ARKANSAS": {
            "abbreviation": "AR",
            "capital": "Little Rock",
            "most-populous-city": "Little Rock",
            "population": "2889450",
            "square-miles": "53182",
            "time-zone-1": "CST (UTC-6)",
            "time-zone-2": "",
            "dst": "YES",
            "cities": {
                "Little Rock": {
                    "keywords": ["LittleRock"]
                }
            },
            "keywords": ["arkansas"]
        },
        "CALIFORNIA": {
            "abbreviation": "CA",
            "capital": "Sacramento",
            "most-populous-city": "Los Angeles",
            "population": "36961664",
            "square-miles": "163707",
            "time-zone-1": "PT (UTC-8)",
            "time-zone-2": "",
            "dst": "YES",
            "cities": {
                "Los Angeles": {
                    "keywords": ["LosAngeles", "la"]
                },
                "Oakland": {
                    "keywords": ["oakland"]
                },
                "San Diego": {
                    "keywords": ["SanDiego", "sd"]
                },
                "San Jose": {
                    "keywords": ["SanJose", "sj"]
                },
                "Sacramento": {
                    "keywords": ["Sacramento", "sac"]
                },
                "San Francisco": {
                    "keywords": ["SanFrancisco", "sf"]
                }
            },
            "keywords": ["california"]
        },
        "COLORADO": {
            "abbreviation": "CO",
            "capital": "Denver",
            "most-populous-city": "Denver",
            "population": "5024748",
            "square-miles": "104100",
            "time-zone-1": "MT (UTC-07)",
            "time-zone-2": "",
            "dst": "YES",
            "cities": {
                "Denver": {
                    "keywords": ["Denver"]
                },
                "Boulder": {
                    "keywords": ["boulder"],
                    "Colorado Springs": {
                        "keywords": ["coloradosprings", "cs"]
                    }
                }
            },
            "keywords": ["colorado"]
        },
        "CONNECTICUT": {
            "abbreviation": "CT",
            "capital": "Hartford",
            "most-populous-city": "Bridgeport",
            "population": "3518288",
            "square-miles": "5544",
            "time-zone-1": "EST (UTC-5)",
            "time-zone-2": "",
            "dst": "YES",
            "cities": {
                "Hartford": {
                    "keywords": ["Hartford"]
                },
                "Bridgeport": {
                    "keywords": ["bridgeport"]
                }
            },
            "keywords": ["connecticut"]
        },
        "DELAWARE": {
            "abbreviation": "DE",
            "capital": "Dover",
            "most-populous-city": "Wilmington",
            "population": "885122",
            "square-miles": "1954",
            "time-zone-1": "EST (UTC-5)",
            "time-zone-2": "",
            "dst": "YES",
            "cities": {
                "Dover": {
                    "keywords": ["Dover"]
                },
                "Wilmington": {
                    "keywords": ["wilmington"]
                }
            },
            "keywords": ["delaware"]
        },
        "FLORIDA": {
            "abbreviation": "FL",
            "capital": "Tallahassee",
            "most-populous-city": "Jacksonville",
            "population": "18537969",
            "square-miles": "65758",
            "time-zone-1": "EST (UTC-5)",
            "time-zone-2": "CST (UTC-6)",
            "dst": "YES",
            "cities": {
                "Tallahassee": {
                    "keywords": ["Tallahassee"]
                },
                "Miami": {
                    "keywords": ["Miami"]
                },
                "Orlando": {
                    "keywords": ["orlando"]
                }
            },
            "keywords": ["florida"]
        },
        "GEORGIA": {
            "abbreviation": "GA",
            "capital": "Atlanta",
            "most-populous-city": "Atlanta",
            "population": "9829211",
            "square-miles": "59441",
            "time-zone-1": "EST (UTC-5)",
            "time-zone-2": "",
            "dst": "YES",
            "cities": {
                "Atlanta": {
                    "keywords": ["Atlanta", "atl"]
                }
            },
            "keywords": ["georgia"]
        },
        "HAWAII": {
            "abbreviation": "HI",
            "capital": "Honolulu",
            "most-populous-city": "Honolulu",
            "population": "1295178",
            "square-miles": "10932",
            "time-zone-1": "HST (UTC-10)",
            "time-zone-2": "",
            "dst": "NO",
            "cities": {
                "Honolulu": {
                    "keywords": ["Honolulu"]
                }
            },
            "keywords": ["hawaii"]
        },
        "IDAHO": {
            "abbreviation": "ID",
            "capital": "Boise",
            "most-populous-city": "Boise",
            "population": "1545801",
            "square-miles": "83574",
            "time-zone-1": "MT (UTC-07)",
            "time-zone-2": "PT (UTC-8)",
            "dst": "YES",
            "cities": {
                "Boise": {
                    "keywords": ["Boise"]
                }
            },
            "keywords": ["idaho"]
        },
        "ILLINOIS": {
            "abbreviation": "IL",
            "capital": "Springfield",
            "most-populous-city": "Chicago",
            "population": "12910409",
            "square-miles": "57918",
            "time-zone-1": "CST (UTC-6)",
            "time-zone-2": "",
            "dst": "YES",
            "cities": {
                "Chicago": {
                    "keywords": ["Chicago", "chi", "chitown"]
                },
                "Springfield": {
                    "keywords": ["Springfield"]
                }
            },
            "keywords": ["illinois"]
        },
        "INDIANA": {
            "abbreviation": "IN",
            "capital": "Indianapolis",
            "most-populous-city": "Indianapolis",
            "population": "6423113",
            "square-miles": "36420",
            "time-zone-1": "EST (UTC-5)",
            "time-zone-2": "CST (UTC-6)",
            "dst": "YES",
            "cities": {},
            "keywords": ["indiana"]
        },
        "IOWA": {
            "abbreviation": "IA",
            "capital": "Des Moines",
            "most-populous-city": "Des Moines",
            "population": "3007856",
            "square-miles": "56276",
            "time-zone-1": "CST (UTC-6)",
            "time-zone-2": "",
            "dst": "YES",
            "cities": {},
            "keywords": ["iowa"]
        },
        "KANSAS": {
            "abbreviation": "KS",
            "capital": "Topeka",
            "most-populous-city": "Wichita",
            "population": "2818747",
            "square-miles": "82282",
            "time-zone-1": "CST (UTC-6)",
            "time-zone-2": "MT (UTC-07)",
            "dst": "YES",
            "cities": {
                "Kansas City": {
                    "keywords": ["KansasCity", "kc"]
                },
                "Wichita": {
                    "keywords": ["Wichita"]
                },
                "Topeka": {
                    "keywords": ["Topeka"]
                }
            },
            "keywords": ["kansas"]
        },
        "KENTUCKY": {
            "abbreviation": "KY",
            "capital": "Frankfort",
            "most-populous-city": "Louisville",
            "population": "4314113",
            "square-miles": "40411",
            "time-zone-1": "EST (UTC-5)",
            "time-zone-2": "CST (UTC-6)",
            "dst": "YES",
            "cities": {
                "Louisville": {
                    "keywords": ["Louisville"]
                },
                "Frankfort": {
                    "keywords": ["Frankfort"]
                }
            },
            "keywords": ["kentucky"]
        },
        "LOUISIANA": {
            "abbreviation": "LA",
            "capital": "Baton Rouge",
            "most-populous-city": "New Orleans",
            "population": "4492076",
            "square-miles": "51843",
            "time-zone-1": "CST (UTC-6)",
            "time-zone-2": "",
            "dst": "YES",
            "cities": {
                "New Orleans": {
                    "keywords": ["NewOrleans", "no"]
                },
                "Baton Rouge": {
                    "keywords": ["BatonRouge"]
                }
            },
            "keywords": ["louisiana"]
        },
        "MAINE": {
            "abbreviation": "ME",
            "capital": "Augusta",
            "most-populous-city": "Portland",
            "population": "1318301",
            "square-miles": "35387",
            "time-zone-1": "EST (UTC-5)",
            "time-zone-2": "",
            "dst": "YES",
            "cities": {
                "Augusta": {
                    "keywords": ["Augusta"]
                },
                "Portland": {
                    "keywords": ["portland"]
                }
            },
            "keywords": ["maine"]
        },
        "MARYLAND": {
            "abbreviation": "MD",
            "capital": "Annapolis",
            "most-populous-city": "Baltimore",
            "population": "5699478",
            "square-miles": "12407",
            "time-zone-1": "EST (UTC-5)",
            "time-zone-2": "",
            "dst": "YES",
            "cities": {
                "Baltimore": {
                    "keywords": ["Baltimore"]
                },
                "Annapolis": {
                    "keywords": ["Annapolis"]
                }
            },
            "keywords": ["maryland"]
        },
        "MASSACHUSETTS": {
            "abbreviation": "MA",
            "capital": "Boston",
            "most-populous-city": "Boston",
            "population": "6593587",
            "square-miles": "10555",
            "time-zone-1": "EST (UTC-5)",
            "time-zone-2": "",
            "dst": "YES",
            "cities": {
                "Boston": {
                    "keywords": ["Boston"]
                }
            },
            "keywords": ["massachusetts"]
        },
        "MICHIGAN": {
            "abbreviation": "MI",
            "capital": "Lansing",
            "most-populous-city": "Detroit",
            "population": "9969727",
            "square-miles": "96810",
            "time-zone-1": "EST (UTC-5)",
            "time-zone-2": "CST (UTC-6)",
            "dst": "YES",
            "cities": {
                "Detroit": {
                    "keywords": ["Detroit"]
                },
                "Lansing": {
                    "keywords": ["Lansing"]
                }
            },
            "keywords": ["michigan"]
        },
        "MINNESOTA": {
            "abbreviation": "MN",
            "capital": "Saint Paul",
            "most-populous-city": "Minneapolis",
            "population": "5266214",
            "square-miles": "86943",
            "time-zone-1": "CST (UTC-6)",
            "time-zone-2": "",
            "dst": "YES",
            "cities": {
                "Minneapolis": {
                    "keywords": ["Minneapolis"]
                },
                "Saint Paul": {
                    "keywords": ["SaintPaul", "stpaul"]
                }
            },
            "keywords": ["minnesota"]
        },
        "MISSISSIPPI": {
            "abbreviation": "MS",
            "capital": "Jackson",
            "most-populous-city": "Jackson",
            "population": "2951996",
            "square-miles": "48434",
            "time-zone-1": "CST (UTC-6)",
            "time-zone-2": "",
            "dst": "YES",
            "cities": {
                "Jackson": {
                    "keywords": ["Jackson"]
                }
            },
            "keywords": ["mississippi"]
        },
        "MISSOURI": {
            "abbreviation": "MO",
            "capital": "Jefferson City",
            "most-populous-city": "Kansas City",
            "population": "5987580",
            "square-miles": "69709",
            "time-zone-1": "CST (UTC-6)",
            "time-zone-2": "",
            "dst": "YES",
            "cities": {
                "Jefferson City": {
                    "keywords": ["JeffersonCity", "jc"]
                },
                "Kansas City": {
                    "keywords": ["KansasCity", "kc"]
                }
            },
            "keywords": ["missouri"]
        },
        "MONTANA": {
            "abbreviation": "MT",
            "capital": "Helena",
            "most-populous-city": "Billings",
            "population": "974989",
            "square-miles": "147046",
            "time-zone-1": "MT (UTC-07)",
            "time-zone-2": "",
            "dst": "YES",
            "cities": {},
            "keywords": ["montana"]
        },
        "NEBRASKA": {
            "abbreviation": "NE",
            "capital": "Lincoln",
            "most-populous-city": "Omaha",
            "population": "1796619",
            "square-miles": "77358",
            "time-zone-1": "CST (UTC-6)",
            "time-zone-2": "MT (UTC-07)",
            "dst": "YES",
            "cities": {},
            "keywords": ["nebraska"]
        },
        "NEVADA": {
            "abbreviation": "NV",
            "capital": "Carson City",
            "most-populous-city": "Las Vegas",
            "population": "2643085",
            "square-miles": "110567",
            "time-zone-1": "PT (UTC-8)",
            "time-zone-2": "MT (UTC-07)",
            "dst": "YES",
            "cities": {},
            "keywords": ["nevada"]
        },
        "NEW HAMPSHIRE": {
            "abbreviation": "NH",
            "capital": "Concord",
            "most-populous-city": "Machester",
            "population": "1324575",
            "square-miles": "9351",
            "time-zone-1": "EST (UTC-5)",
            "time-zone-2": "",
            "dst": "YES",
            "cities": {},
            "keywords": ["newhampshire"]
        },
        "NEW JERSEY": {
            "abbreviation": "NJ",
            "capital": "Trenton",
            "most-populous-city": "Newark",
            "population": "8707739",
            "square-miles": "8722",
            "time-zone-1": "EST (UTC-5)",
            "time-zone-2": "",
            "dst": "YES",
            "cities": {},
            "keywords": ["newjersey"]
        },
        "NEW MEXICO": {
            "abbreviation": "NM",
            "capital": "Santa Fe",
            "most-populous-city": "Albuquerque",
            "population": "2009671",
            "square-miles": "121593",
            "time-zone-1": "MT (UTC-07)",
            "time-zone-2": "",
            "dst": "YES",
            "cities": {
                "Albuquerque": {
                    "keywords": ["Albuquerque", "abq"]
                },
                "Santa Fe": {
                    "keywords": ["santafe"]
                }
            },
            "keywords": ["newmexico"]
        },
        "NEW YORK": {
            "abbreviation": "NY",
            "capital": "Albany",
            "most-populous-city": "New York",
            "population": "19541453",
            "square-miles": "54475",
            "time-zone-1": "EST (UTC-5)",
            "time-zone-2": "",
            "dst": "YES",
            "cities": {
                "New York City": {
                    "keywords": ["NewYorkCity", "nyc"]
                },
                "Rochester": {
                    "keywords": ["Rochester"]
                },
                "Albany": {
                    "keywords": ["albany"]
                }
            },
            "keywords": ["newyork"]
        },
        "NORTH CAROLINA": {
            "abbreviation": "NC",
            "capital": "Raleigh",
            "most-populous-city": "Charlotte",
            "population": "9380884",
            "square-miles": "53821",
            "time-zone-1": "EST (UTC-5)",
            "time-zone-2": "",
            "dst": "YES",
            "cities": {
                "Charlotte": {
                    "keywords": ["Charlotte"]
                },
                "Raleigh": {
                    "keywords": ["raleigh"]
                }
            },
            "keywords": ["northcarolina"]
        },
        "NORTH DAKOTA": {
            "abbreviation": "ND",
            "capital": "Bismarck",
            "most-populous-city": "Fargo",
            "population": "646844",
            "square-miles": "70704",
            "time-zone-1": "CST (UTC-6)",
            "time-zone-2": "MT (UTC-07)",
            "dst": "YES",
            "cities": {},
            "keywords": ["northdakota"]
        },
        "OHIO": {
            "abbreviation": "OH",
            "capital": "Columbus",
            "most-populous-city": "Columbus",
            "population": "11542645",
            "square-miles": "44828",
            "time-zone-1": "EST (UTC-5)",
            "time-zone-2": "",
            "dst": "YES",
            "cities": {
                "Cleveland": {
                    "keywords": ["Cleveland"]
                },
                "Cincinnati": {
                    "keywords": ["Cincinnati"]
                },
                "Columbus": {
                    "keywords": ["columbus"]
                }
            },
            "keywords": ["ohio"]
        },
        "OKLAHOMA": {
            "abbreviation": "OK",
            "capital": "Oklahoma City",
            "most-populous-city": "Oklahoma City",
            "population": "3687050",
            "square-miles": "69903",
            "time-zone-1": "CST (UTC-6)",
            "time-zone-2": "",
            "dst": "YES",
            "cities": {},
            "keywords": ["oklahoma"]
        },
        "OREGON": {
            "abbreviation": "OR",
            "capital": "Salem",
            "most-populous-city": "Portland",
            "population": "3825657",
            "square-miles": "98386",
            "time-zone-1": "PT (UTC-8)",
            "time-zone-2": "MT (UTC-07)",
            "dst": "YES",
            "cities": {},
            "keywords": ["oregon"]
        },
        "PENNSYLVANIA": {
            "abbreviation": "PA",
            "capital": "Harrisburg",
            "most-populous-city": "Philadelphia",
            "population": "12604767",
            "square-miles": "46058",
            "time-zone-1": "EST (UTC-5)",
            "time-zone-2": "",
            "dst": "YES",
            "cities": {
                "Harrisburg": {
                    "keywords": ["harrisburg"]
                },
                "Philadelphia": {
                    "keywords": ["Philadelphia", "philly"]
                },
                "Pittsburgh": {
                    "keywords": ["Pittsburgh"]
                }
            },
            "keywords": ["pennsylvania"]
        },
        "RHODE ISLAND": {
            "abbreviation": "RI",
            "capital": "Providence",
            "most-populous-city": "Providence",
            "population": "1053209",
            "square-miles": "1545",
            "time-zone-1": "EST (UTC-5)",
            "time-zone-2": "",
            "dst": "YES",
            "cities": {},
            "keywords": ["rhodeisland"]
        },
        "SOUTH CAROLINA": {
            "abbreviation": "SC",
            "capital": "Columbia",
            "most-populous-city": "Columbia",
            "population": "4561242",
            "square-miles": "32007",
            "time-zone-1": "EST (UTC-5)",
            "time-zone-2": "",
            "dst": "YES",
            "cities": {},
            "keywords": ["southcarolina"]
        },
        "SOUTH DAKOTA": {
            "abbreviation": "SD",
            "capital": "Pierre",
            "most-populous-city": "Sioux Falls",
            "population": "812383",
            "square-miles": "77121",
            "time-zone-1": "CST (UTC-6)",
            "time-zone-2": "MT (UTC-07)",
            "dst": "YES",
            "cities": {},
            "keywords": ["southdakota"]
        },
        "TENNESSEE": {
            "abbreviation": "TN",
            "capital": "Nashville",
            "most-populous-city": "Memphis",
            "population": "6296254",
            "square-miles": "42146",
            "time-zone-1": "CST (UTC-6)",
            "time-zone-2": "EST (UTC-5)",
            "dst": "YES",
            "cities": {},
            "keywords": ["tennessee"]
        },
        "TEXAS": {
            "abbreviation": "TX",
            "capital": "Austin",
            "most-populous-city": "Houston",
            "population": "24782302",
            "square-miles": "268601",
            "time-zone-1": "CST (UTC-6)",
            "time-zone-2": "MT (UTC-07)",
            "dst": "YES",
            "cities": {
                "Dallas": {
                    "keywords": ["Dallas"]
                },
                "Houston": {
                    "keywords": ["Houston"]
                },
                "Fort Worth": {
                    "keywords": ["FortWorth"]
                },
                "Austin": {
                    "keywords": ["austin"]
                }
            },
            "keywords": ["texas"]
        },
        "UTAH": {
            "abbreviation": "UT",
            "capital": "Salt Lake City",
            "most-populous-city": "Salt Lake City",
            "population": "2784572",
            "square-miles": "84904",
            "time-zone-1": "MT (UTC-07)",
            "time-zone-2": "",
            "dst": "YES",
            "cities": {},
            "keywords": ["utah"]
        },
        "VERMONT": {
            "abbreviation": "VT",
            "capital": "Montpelier",
            "most-populous-city": "Burlington",
            "population": "621760",
            "square-miles": "9615",
            "time-zone-1": "EST (UTC-5)",
            "time-zone-2": "",
            "dst": "YES",
            "cities": {},
            "keywords": ["vermont"]
        },
        "VIRGINIA": {
            "abbreviation": "VA",
            "capital": "Richmond",
            "most-populous-city": "Virginia Beach",
            "population": "7882590",
            "square-miles": "42769",
            "time-zone-1": "EST (UTC-5)",
            "time-zone-2": "",
            "dst": "YES",
            "cities": {},
            "keywords": ["virginia"]
        },
        "WASHINGTON": {
            "abbreviation": "WA",
            "capital": "Olympia",
            "most-populous-city": "Seattle",
            "population": "6664195",
            "square-miles": "71303",
            "time-zone-1": "PT (UTC-8)",
            "time-zone-2": "",
            "dst": "YES",
            "cities": {},
            "keywords": ["washington"]
        },
        "WEST VIRGINIA": {
            "abbreviation": "WV",
            "capital": "Charleston",
            "most-populous-city": "Charleston",
            "population": "1819777",
            "square-miles": "24231",
            "time-zone-1": "EST (UTC-5)",
            "time-zone-2": "",
            "dst": "YES",
            "cities": {},
            "keywords": ["westvirginia"]
        },
        "WISCONSIN": {
            "abbreviation": "WI",
            "capital": "Madison",
            "most-populous-city": "Milwaukee",
            "population": "5654774",
            "square-miles": "65503",
            "time-zone-1": "CST (UTC-6)",
            "time-zone-2": "",
            "dst": "YES",
            "cities": {
                "Milwaukee": {
                    "keywords": ["Milwaukee"]
                },
                "Green Bay": {
                    "keywords": ["greenbay"]
                },
                "Madison": {
                    "keywords": ["madison"]
                }
            },
            "keywords": ["wisconsin"]
        },
        "WYOMING": {
            "abbreviation": "WY",
            "capital": "Cheyenne",
            "most-populous-city": "Cheyenne",
            "population": "544270",
            "square-miles": "97818",
            "time-zone-1": "MT (UTC-07)",
            "time-zone-2": "",
            "dst": "YES",
            "cities": {},
            "keywords": ["wyoming"]
        },
        "DISTRICT OF COLUMBIA": {
            "abbreviation": "DC",
            "capital": "Washington DC",
            "most-populous-city": "Washington DC",
            "population": "unknown",
            "square-miles": "nope",
            "cities": {},
            "keywords": ["districtofcolumbia"]
        }
    }
}